date;names
01.01.2024;Григорий, Илья, Тимофей
02.01.2024;Антон, Даниил, Иван, Игнатий
03.01.2024;Леонтий, Михаил, Никита, Петр, Сергей, Ульяна
04.01.2024;Дмитрий, Федор, Анастасия
05.01.2024;Василий, Иван, Макар, Наум, Павел
06.01.2024;Иннокентий, Николай, Сергей, Евгения, Клавдия
07.01.2024;В этот день именин нет
08.01.2024;Александр, Василий, Григорий, Давид, Дмитрий, Ефим, Иосиф, Исаакий, Константин, Леонид, Михаил, Николай, Анфиса, Мария
09.01.2024;Степан, Тихон, Федор, Антонина
10.01.2024;Александр, Аркадий, Ефим, Игнатий, Леонид, Никанор, Николай, Петр
11.01.2024;Вениамин, Георгий, Иван, Марк, Фаддей, Анна, Варвара, Евдокия, Наталья
12.01.2024;Давид, Иосиф, Лев, Макар, Яков, Ирина, Мария
13.01.2024;Михаил, Петр
14.01.2024;Александр, Богдан, Василий, Вячеслав, Григорий, Иван, Михаил, Николай, Петр, Платон, Трофим, Федот
15.01.2024;Василий, Кузьма, Марк, Модест, Петр, Сергей, Ульяна
16.01.2024;Василий, Гордей, Ирина
17.01.2024;Александр, Аристарх, Артем, Архип, Афанасий, Денис, Ефим, Иосиф, Карп, Климент, Марк, Никанор, Николай, Павел, Прохор, Семен, Степан, Терентий, Тимофей, Трофим, Фаддей, Филипп
18.01.2024;Григорий, Иосиф, Лукьян, Матвей, Роман, Семен, Сергей, Евгения, Полина, Татьяна
19.01.2024;Афанасий, Василий, Иван
20.01.2024;Афанасий, Василий, Иван
21.01.2024;Василий, Виктор, Владимир, Георгий, Григорий, Дмитрий, Евгений, Емельян, Иван, Илья, Михаил, Юлиан, Василиса, Доминика
22.01.2024;Захар, Павел, Петр, Филипп, Антонина
23.01.2024;Анатолий, Григорий, Зиновий, Макар, Павел, Петр
24.01.2024;Виталий, Владимир, Иосиф, Михаил, Николай, Степан, Терентий, Федор
25.01.2024;Галактион, Илья, Макар, Петр, Татьяна
26.01.2024;Афанасий, Максим, Петр, Яков, Марфа
27.01.2024;Адам, Андрей, Аристарх, Вениамин, Давид, Иван, Илья, Иосиф, Макар, Марк, Моисей, Павел, Сергей, Степан, Агния, Нина
28.01.2024;Вениамин, Гавриил, Герасим, Иван, Михаил, Павел, Прохор, Елена
29.01.2024;Иван, Максим, Петр, Неонила
30.01.2024;Антон, Виктор, Георгий, Иван, Павел, Савелий, Антонина
31.01.2024;Александр, Афанасий, Владимир, Дмитрий, Евгений, Емельян, Ефрем, Иларион, Кирилл, Максим, Михаил, Николай, Сергей, Ксения, Мария
01.02.2024;Антон, Арсений, Ефим, Макар, Марк, Николай, Петр, Федор
02.02.2024;Ефим, Захар, Лев, Павел, Семен, Инна, Римма
03.02.2024;Евгений, Иван, Илья, Максим, Агния, Анастасия, Анна
04.02.2024;Гавриил, Георгий, Ефим, Иван, Иосиф, Леонтий, Макар, Николай, Петр, Тимофей, Яков, Анастасия
05.02.2024;Владимир, Геннадий, Иван, Иосиф, Климент, Макар, Федор, Евдокия, Екатерина
06.02.2024;Герасим, Денис, Иван, Николай, Павел, Тимофей, Ксения
07.02.2024;Александр, Анатолий, Борис, Василий, Виталий, Владимир, Григорий, Дмитрий, Моисей, Петр, Степан, Феликс, Филипп
08.02.2024;Аркадий, Арсений, Гавриил, Давид, Иван, Иларион, Иосиф, Климент, Петр, Семен, Федор, Филипп, Мария
09.02.2024;Дмитрий, Иван, Петр
10.02.2024;Владимир, Георгий, Ефрем, Игнатий, Леонтий, Федор, Ольга
11.02.2024;Герасим, Дмитрий, Иван, Игнатий, Константин, Леонтий, Роман, Юлиан, Яков
12.02.2024;Василий, Владимир, Григорий, Иван, Максим, Петр, Степан, Федор, Пелагея
13.02.2024;Афанасий, Виктор, Иван, Илья, Никита
14.02.2024;Василий, Гавриил, Давид, Николай, Петр, Семен, Тимофей
15.02.2024;Василий
16.02.2024;Адриан, Василий, Владимир, Иван, Михаил, Николай, Павел, Роман, Семен, Тимофей, Анна
17.02.2024;Александр, Алексей, Андрей, Аркадий, Борис, Василий, Георгий, Дмитрий, Иван, Иосиф, Кирилл, Михаил, Николай, Петр, Сергей, Федор, Юрий, Анна, Екатерина
18.02.2024;Антон, Макар, Михаил, Александра, Василиса
19.02.2024;Александр, Анатолий, Арсений, Василий, Дмитрий, Иван, Максим, Севастьян, Юлиан, Кристина, Мария, Марфа
20.02.2024;Александр, Алексей, Петр
21.02.2024;Александр, Андрей, Захар, Макар, Петр, Семен, Сергей, Степан, Федор
22.02.2024;Василий, Геннадий, Иван, Иннокентий, Петр, Тихон
23.02.2024;Антон, Аркадий, Василий, Геннадий, Герман, Григорий, Иван, Карп, Марк, Петр, Порфирий, Прохор, Семен, Анна, Валентина, Галина
24.02.2024;Всеволод, Гавриил, Георгий, Дмитрий, Захар, Порфирий
25.02.2024;Алексей, Антон, Евгений, Мария
26.02.2024;Артемий, Василий, Владимир, Гавриил, Евгений, Иван, Леонтий, Мартин, Михаил, Николай, Павел, Тимофей, Анна, Вера, Зоя, Ирина, Светлана
27.02.2024;Георгий, Исаакий, Кирилл, Константин, Михаил, Рафаил, Федор
28.02.2024;Алексей, Арсений, Афанасий, Иван, Михаил, Николай, Павел, Петр, Семен, Софья
29.02.2024;В этот день именин нет
01.03.2024;Даниил, Илья, Макар, Павел, Памфил, Порфирий, Самуил, Юлиан
02.03.2024;Михаил, Николай, Павел, Порфирий, Роман, Федор, Анна, Марианна, Мария
03.03.2024;Василий, Виктор, Владимир, Кузьма, Лев, Павел, Анна
04.03.2024;Архип, Богдан, Дмитрий, Евгений, Макар, Максим, Никита, Федор, Федот
05.03.2024;Антон, Афанасий, Василий, Давид, Денис, Иван, Игнатий, Корнилий, Лев, Леонтий, Николай, Самсон, Сергей, Тихон, Федор, Филипп, Ярослав
06.03.2024;Александр, Георгий, Григорий, Даниил, Захар, Иван, Константин, Павел, Тимофей, Ольга
07.03.2024;Андрей, Афанасий, Виктор, Владимир, Иван, Иосиф, Михаил, Николай, Павел, Сергей, Степан, Федор, Филипп, Варвара, Елизавета, Ирина, Прасковья
08.03.2024;Александр, Алексей, Иван, Климент, Кузьма, Михаил, Моисей, Николай, Сергей, Федор
09.03.2024;Иван, Иларион
10.03.2024;Александр, Антон, Евгений, Николай, Тарас, Федор
11.03.2024;Иван, Николай, Петр, Порфирий, Севастьян, Сергей, Анна
12.03.2024;Макар, Михаил, Нисон, Петр, Сергей, Степан, Тимофей, Юлиан, Яков
13.03.2024;Арсений, Василий, Николай, Сергей, Кира, Марина
14.03.2024;Александр, Антон, Василий, Вениамин, Иван, Михаил, Петр, Александра, Анна, Антонина, Дарья, Евдокия, Надежда, Ольга
15.03.2024;Арсений, Иосиф, Николай, Федот
16.03.2024;Михаил, Севастьян, Марфа
17.03.2024;Александр, Василий, Вячеслав, Георгий, Герасим, Григорий, Даниил, Павел, Яков, Ульяна
18.03.2024;Адриан, Георгий, Давид, Иван, Кирилл, Константин, Марк, Николай, Федор, Ираида
19.03.2024;Аркадий, Константин, Максим, Федор, Юлиан, Елена, Марфа
20.03.2024;Василий, Евгений, Емельян, Ефрем, Николай, Павел, Анна, Антонина, Евдокия, Екатерина, Ксения, Мария, Надежда
21.03.2024;Афанасий, Владимир, Иван
22.03.2024;Александр, Алексей, Афанасий, Валерий, Дмитрий, Иван, Ираклий, Кирилл, Леонтий, Михаил, Николай, Петр, Сергей, Тарас, Александра, Наталья
23.03.2024;Виктор, Георгий, Денис, Дмитрий, Иван, Леонид, Марк, Михаил, Павел, Федор, Анастасия, Василиса, Галина, Ника
24.03.2024;Василий, Георгий, Ефим, Иван
25.03.2024;Александр, Владимир, Григорий, Дмитрий, Иван, Константин, Семен, Сергей
26.03.2024;Александр, Григорий, Михаил, Николай, Терентий, Кристина
27.03.2024;Михаил, Ростислав
28.03.2024;Александр, Алексей, Денис, Михаил, Тимофей
29.03.2024;Александр, Денис, Емельян, Иван, Павел, Роман, Трофим, Юлиан
30.03.2024;Александр, Алексей, Виктор, Гавриил, Макар, Павел
31.03.2024;Григорий, Даниил, Дмитрий, Кирилл, Трофим, Наталья
01.04.2024;Дмитрий, Иван, Иннокентий, Дарья, Софья
02.04.2024;Василий, Виктор, Виссарион, Герман, Иван, Максим, Мирон, Никита, Севастьян, Сергей, Александра, Клавдия, Мария, Прасковья, Светлана, Ульяна
03.04.2024;Владимир, Кирилл, Яков
04.04.2024;Василий, Исаакий, Василиса, Дарья, Полина, Таисия
05.04.2024;Алексей, Василий, Георгий, Илья, Макар, Сергей, Анастасия, Варвара, Лидия, Пелагея
06.04.2024;Владимир, Захар, Мартин, Петр, Степан, Яков
07.04.2024;Тихон
08.04.2024;Авраам, Василий, Гавриил, Степан, Алла, Анна, Лариса, Прасковья
09.04.2024;Александр, Ефрем, Иван, Макар, Павел
10.04.2024;Василий, Иван, Иларион, Илья, Николай, Степан
11.04.2024;Иван, Исаакий, Кирилл, Корнилий, Марк, Михаил, Филипп
12.04.2024;Захар, Иван
13.04.2024;Вениамин, Иван, Иннокентий, Иосиф, Анна
14.04.2024;Ефим, Иван, Макар, Сергей, Мария
15.04.2024;Георгий, Григорий, Ефим
16.04.2024;Никита
17.04.2024;Адриан, Вениамин, Георгий, Иван, Иосиф, Никита, Николай, Федор, Мария
18.04.2024;Алексей, Георгий, Марк, Николай, Платон, Семен
19.04.2024;Григорий, Иван, Павел, Петр, Севастьян, Яков
20.04.2024;Аркадий, Георгий, Даниил, Петр, Акулина, Евдокия
21.04.2024;Иван, Сергей, Мария
22.04.2024;Вадим, Гавриил, Марфа
23.04.2024;Александр, Григорий, Дмитрий, Максим, Терентий, Федор, Яков
24.04.2024;Ефим, Иван, Николай, Петр, Прохор, Яков
25.04.2024;Василий, Давид, Иван, Сергей, Мария, Марфа
26.04.2024;Георгий, Дмитрий, Марфа
27.04.2024;Александр, Антон, Валентин, Иван, Мартин
28.04.2024;Александр, Андрей, Аристарх, Виктор, Кондрат, Леонид, Лукьян, Севастьян, Трофим, Федор, Анастасия, Василиса
29.04.2024;Леонид, Михаил, Павел, Тимофей, Василиса, Галина, Ирина, Ника
30.04.2024;Адриан, Александр, Ефрем, Иван, Михаил, Семен, Федор
01.05.2024;Василий, Виктор, Виссарион, Ефим, Иван, Кузьма, Михаил, Феликс, Тамара
02.05.2024;Виктор, Георгий, Дмитрий, Иван, Семен
03.05.2024;Александр, Гавриил, Григорий, Николай, Федор
04.05.2024;Александр, Алексей, Денис, Иван, Максим, Николай, Федор
05.05.2024;Виталий, Всеволод, Гавриил, Дмитрий, Климент, Платон, Федор
06.05.2024;Анатолий, Афанасий, Валерий, Георгий, Иван, Александра, Валерия
07.05.2024;Алексей, Валентин, Иннокентий, Иосиф, Леонтий, Николай, Сергей, Елизавета
08.05.2024;Василий, Марк, Сергей
09.05.2024;Василий, Иван, Николай, Петр, Степан, Глафира
10.05.2024;Георгий, Иван, Иларион, Николай, Павел, Петр, Семен, Сергей, Степан, Анастасия, Мария
11.05.2024;Виталий, Кирилл, Максим, Анна
12.05.2024;Арсений, Артем, Василий, Иван, Федот
13.05.2024;Василий, Ефрем, Игнатий, Климент, Максим, Никита, Яков
14.05.2024;Герасим, Ефим, Игнатий, Макар, Нина, Тамара
15.05.2024;Афанасий, Борис, Глеб, Давид, Роман, Зоя
16.05.2024;Викентий, Николай, Павел, Петр, Тимофей, Ульяна
17.05.2024;Иван, Исаакий, Кирилл, Климент, Леонтий, Никита, Николай, Мария, Пелагея
18.05.2024;Адриан, Яков, Ирина
19.05.2024;Василий, Денис, Иван, Иларион, Марфа
20.05.2024;Антон, Давид, Иван, Иосиф, Михаил, Семен, Степан, Фаддей
21.05.2024;Адриан, Арсений, Иван
22.05.2024;Василий, Гавриил, Дмитрий, Иосиф, Николай, Семен, Акулина
23.05.2024;Василий, Кирилл, Таисия
24.05.2024;Александр, Иосиф, Кирилл, Константин, Михаил, Ростислав
25.05.2024;Герман, Денис, Иван, Петр, Семен, Федор, Филипп, Евдокия
26.05.2024;Александр, Василий, Георгий, Ефим, Макар, Сергей, Тарас, Юрий, Ирина
27.05.2024;Александр, Иван, Леонтий, Макар, Максим, Марк, Никита, Петр, Тихон
28.05.2024;Дмитрий, Макар, Памфил
29.05.2024;Александр, Аркадий, Георгий, Ефрем, Модест, Николай, Петр, Федор, Муза
30.05.2024;Адриан, Афанасий, Степан, Евдокия
31.05.2024;Андрей, Богдан, Василий, Давид, Денис, Ираклий, Лев, Макар, Михаил, Павел, Петр, Семен, Федор, Федот, Юлиан, Александра, Клавдия, Кристина, Фаина, Юлия
01.06.2024;Александр, Андрей, Антон, Валентин, Василий, Виктор, Георгий, Григорий, Дмитрий, Иван, Игнатий, Корнилий, Максим, Матвей, Митрофан, Михаил, Николай, Олег, Павел, Сергей, Анастасия
02.06.2024;Александр, Алексей, Владимир, Иван, Никита, Тимофей
03.06.2024;Кирилл, Константин, Михаил, Федор, Ярослав, Елена
04.06.2024;Владимир, Даниил, Захар, Иван, Макар, Михаил, Павел, Фаддей, Федор, Яков, Софья
05.06.2024;Адриан, Александр, Алексей, Андрей, Афанасий, Борис, Василий, Геннадий, Даниил, Дмитрий, Иван, Игнатий, Константин, Леонтий, Михаил, Никита, Петр, Роман, Севастьян, Федор, Евдокия, Мария
06.06.2024;Григорий, Иван, Никита, Семен, Степан, Федор, Ксения
07.06.2024;Иван, Иннокентий, Федор, Виктория, Елена
08.06.2024;Александр, Георгий, Давид, Иван, Карп, Макар, Юрий, Елена
09.06.2024;Иван, Леонид, Леонтий, Петр, Анастасия
10.06.2024;Василий, Дмитрий, Захар, Игнатий, Ираклий, Макар, Никита, Николай, Павел, Петр, Елена
11.06.2024;Александр, Андрей, Богдан, Иван, Федот, Мария, Фаина
12.06.2024;Василий, Исаакий, Никанор
13.06.2024;Борис, Николай, Роман, Филипп, Кристина
14.06.2024;Василий, Гавриил, Давид, Денис, Иван, Павел, Вера, Виктория, Харита
15.06.2024;Дмитрий, Иван, Константин, Мария, Ульяна
16.06.2024;Афанасий, Денис, Дмитрий, Лукьян, Михаил, Павел, Юлиан
17.06.2024;Иван, Митрофан, Назар, Петр, Ростислав, Мария, Марфа, Софья
18.06.2024;Гавриил, Георгий, Гордей, Дмитрий, Игорь, Константин, Леонид, Марк, Михаил, Николай, Петр, Федор
19.06.2024;Виссарион, Георгий, Иларион, Рафаил, Сусанна, Фекла
20.06.2024;Александр, Афанасий, Богдан, Борис, Валентин, Василий, Вениамин, Виктор, Владимир, Григорий, Давид, Иван, Игнатий, Лев, Максим, Михаил, Николай, Павел, Петр, Степан, Тарас, Федор, Федот, Анна, Валерия, Зинаида, Калерия, Мария
21.06.2024;Василий, Ефрем, Константин, Павел, Федор
22.06.2024;Александр, Алексей, Иван, Кирилл, Рафаил, Марианна, Мария, Марфа, Фекла
23.06.2024;Александр, Алексей, Андрей, Василий, Герасим, Иван, Игнатий, Илья, Иннокентий, Кузьма, Макар, Николай, Павел, Семен, Тимофей, Анна, Антонина
24.06.2024;Ефрем, Мария
25.06.2024;Андрей, Арсений, Иван, Петр, Степан, Тимофей, Юлиан, Анна, Мария
26.06.2024;Александр, Алексей, Андрей, Даниил, Дмитрий, Иван, Акулина, Александра, Анна, Антонина, Пелагея
27.06.2024;Александр, Владимир, Георгий, Иосиф, Николай, Павел
28.06.2024;Григорий, Ефрем, Михаил, Модест, Семен, Федор, Кира
29.06.2024;Ефрем, Константин, Михаил, Моисей, Петр, Тихон
30.06.2024;Иосиф, Исаакий, Кирилл, Климент, Максим, Никита, Савелий, Пелагея
01.07.2024;Александр, Василий, Виктор, Леонтий, Никанор, Сергей
02.07.2024;Иван, Фаддей
03.07.2024;Андрей, Афанасий, Глеб, Дмитрий, Иван, Наум, Николай, Инна, Римма
04.07.2024;Алексей, Георгий, Иван, Максим, Никита, Николай, Павел, Терентий, Федор, Юлиан, Анастасия, Василиса
05.07.2024;Василий, Гавриил, Галактион, Геннадий, Григорий, Федор, Ульяна
06.07.2024;Александр, Алексей, Антон, Артемий, Герман, Иосиф, Корнилий, Митрофан, Петр, Святослав, Федор
07.07.2024;Антон, Иван, Никита, Яков
08.07.2024;Василий, Давид, Денис, Константин, Петр, Семен, Федор
09.07.2024;Георгий, Давид, Денис, Иван, Павел, Тихон
10.07.2024;Александр, Владимир, Георгий, Иван, Мартин, Петр, Самсон
11.07.2024;Василий, Герман, Григорий, Иван, Иосиф, Павел, Сергей
12.07.2024;Григорий, Павел, Петр
13.07.2024;Андрей, Григорий, Иван, Матвей, Михаил, Петр, Степан, Тимофей, Фаддей, Филипп, Яков, Дина
14.07.2024;Алексей, Аркадий, Василий, Иван, Константин, Кузьма, Лев, Павел, Петр, Тихон, Ангелина
15.07.2024;Арсений
16.07.2024;Александр, Анатолий, Антон, Василий, Георгий, Герасим, Иван, Константин, Марк, Михаил, Филипп
17.07.2024;Алексей, Андрей, Богдан, Георгий, Дмитрий, Ефим, Марк, Михаил, Николай, Федор, Федот, Александра, Анастасия, Мария, Марфа, Ольга, Татьяна
18.07.2024;Афанасий, Василий, Геннадий, Сергей, Степан, Агния, Анна, Варвара, Елизавета
19.07.2024;Александр, Анатолий, Андрей, Антон, Архип, Валентин, Василий, Виктор, Ефим, Иннокентий, Лукьян, Федор, Марфа, Ульяна
20.07.2024;Герман, Лукьян, Павел, Сергей, Евдокия
21.07.2024;Александр, Дмитрий, Николай, Федор
22.07.2024;Александр, Андрей, Иван, Кирилл, Константин, Михаил, Федор
23.07.2024;Александр, Антон, Георгий, Даниил, Леонтий, Петр
24.07.2024;Аркадий, Лев, Елена, Ольга
25.07.2024;Арсений, Гавриил, Иван, Михаил, Федор, Вероника, Мария
26.07.2024;Антон, Гавриил, Степан, Юлиан
27.07.2024;Иван, Ираклий, Константин, Николай, Петр, Степан, Федор
28.07.2024;Василий, Владимир, Петр
29.07.2024;Иван, Павел, Петр, Федор, Яков, Алевтина, Валентина, Юлия
30.07.2024;Леонид, Вероника, Маргарита, Марина
31.07.2024;Афанасий, Емельян, Иван, Кузьма, Леонтий, Мирон, Степан
01.08.2024;Григорий, Дмитрий, Митрофан, Роман, Степан, Тихон, Евгения
02.08.2024;Александр, Алексей, Афанасий, Георгий, Ефим, Иван, Илья, Константин, Кузьма, Леонтий, Николай, Петр, Сергей, Тихон, Федор
03.08.2024;Георгий, Евгений, Иван, Петр, Семен, Федор, Анна
04.08.2024;Алексей, Корнилий, Михаил, Мария
05.08.2024;Андрей, Виталий, Михаил, Трофим, Федор, Анна
06.08.2024;Анатолий, Афанасий, Борис, Глеб, Давид, Иван, Иларион, Николай, Роман, Кристина
07.08.2024;Александр, Макар, Николай, Анна, Ираида
08.08.2024;Игнатий, Моисей, Сергей, Федор, Прасковья
09.08.2024;Герман, Иван, Кирилл, Климент, Константин, Наум, Николай, Платон, Анфиса
10.08.2024;Василий, Ефим, Иван, Моисей, Никанор, Николай, Павел, Прохор, Сергей, Юлиан, Анастасия, Антонина, Елена, Ирина
11.08.2024;Александр, Алексей, Анатолий, Вениамин, Константин, Кузьма, Михаил, Николай, Роман, Серафима
12.08.2024;Анатолий, Валентин, Герман, Иван, Максим, Павел, Ангелина
13.08.2024;Антон, Арсений, Василий, Вениамин, Владимир, Георгий, Евдоким, Иван, Иосиф, Константин, Максим, Николай, Сергей, Степан, Юрий, Анна, Елизавета
14.08.2024;Александр, Дмитрий, Леонтий, Тимофей, Федор, Софья
15.08.2024;Василий, Иван, Кирилл, Платон, Роман, Степан, Тарас, Федор
16.08.2024;Антон, Вячеслав, Иван, Исаакий, Кузьма, Николай
17.08.2024;Алексей, Андрей, Денис, Дмитрий, Иван, Константин, Кузьма, Максимилиан, Михаил, Семен, Дарья, Евдокия, Ирина, Ия, Марфа
18.08.2024;Викентий, Ефим, Иван, Максимилиан, Дарья, Евдокия, Кристина, Мария, Нонна
19.08.2024;Александр, Алексей, Антон, Афанасий, Василий, Дмитрий, Иван, Митрофан, Михаил, Никанор, Петр
20.08.2024;Александр, Алексей, Антон, Афанасий, Василий, Дмитрий, Иван, Митрофан, Михаил, Никанор, Петр
21.08.2024;Герман, Григорий, Емельян, Иосиф, Леонид, Мирон, Моисей, Николай, Федор
22.08.2024;Алексей, Антон, Григорий, Дмитрий, Иван, Леонтий, Макар, Матвей, Петр, Самуил, Юлиан, Яков, Ирина, Маргарита, Мария
23.08.2024;Афанасий, Вячеслав, Роман
24.08.2024;Александр, Василий, Макар, Максим, Марк, Мартин, Федор, Мария
25.08.2024;Александр, Алексей, Антон, Аркадий, Василий, Виссарион, Вячеслав, Герман, Дмитрий, Ефим, Иван, Илья, Леонид, Матвей, Михаил, Николай, Памфил, Петр, Сергей, Степан, Федор, Яков
26.08.2024;Алексей, Василий, Иван, Константин, Максим, Николай, Парамон, Тихон, Яков, Евдокия, Ксения
27.08.2024;Александр, Алексей, Аркадий, Василий, Владимир, Матвей, Николай, Семен, Федор, Ева, Евдокия
28.08.2024;Александр, Герасим, Степан, Яков, Анна
29.08.2024;Александр, Герасим, Степан, Яков, Анна
30.08.2024;Алексей, Дмитрий, Илья, Мирон, Павел, Филипп, Ульяна
31.08.2024;Георгий, Григорий, Денис, Евгений, Емельян, Иван, Иларион, Лев, Макар, Михаил, Ульяна
01.09.2024;Андрей, Николай, Тимофей, Фекла
02.09.2024;Александр, Виктор, Владимир, Иван, Лев, Максим, Николай, Самуил, Степан, Тимофей, Федор
03.09.2024;Александр, Ефрем, Игнатий, Корнилий, Павел, Рафаил, Фаддей
04.09.2024;Александр, Алексей, Афанасий, Василий, Гавриил, Иван, Иларион, Исаакий, Макар, Михаил, Федор, Феликс, Ариадна
05.09.2024;Ефрем, Иван, Николай, Павел, Федор, Елизавета
06.09.2024;Арсений, Георгий, Кузьма, Максим, Петр
07.09.2024;Владимир, Иван, Моисей
08.09.2024;Адриан, Виктор, Георгий, Дмитрий, Петр, Роман, Мария, Наталья
09.09.2024;Александр, Владимир, Дмитрий, Иван, Михаил, Степан, Анфиса
10.09.2024;Александр, Алексей, Анатолий, Арсений, Афанасий, Василий, Вениамин, Георгий, Григорий, Денис, Ефим, Захар, Иван, Игнатий, Иларион, Иосиф, Леонтий, Лукьян, Макар, Моисей, Николай, Павел, Сергей, Степан, Федор, Анна, Сусанна
11.09.2024;Иван
12.09.2024;Александр, Алексей, Арсений, Василий, Гавриил, Григорий, Даниил, Ефрем, Иван, Игнатий, Корнилий, Леонид, Макар, Максим, Николай, Павел, Петр, Семен, Степан, Федор, Ангелина, Евгения, Елизавета
13.09.2024;Александр, Владимир, Геннадий, Дмитрий, Мирон, Михаил
14.09.2024;Семен, Марфа, Наталья, Татьяна
15.09.2024;Анатолий, Антон, Богдан, Василий, Виктор, Владимир, Герман, Ефим, Иван, Леонид, Михаил, Николай, Павел, Петр, Степан, Федор, Федот, Филипп, Юлиан, Ксения, Серафима
16.09.2024;Алексей, Андрей, Василий, Владимир, Ефим, Иван, Илья, Константин, Михаил, Николай, Петр, Роман, Сергей, Филипп, Василиса
17.09.2024;Александр, Василий, Григорий, Иван, Митрофан, Михаил, Моисей, Николай, Павел, Петр, Степан, Федор, Юлиан, Елена
18.09.2024;Александр, Алексей, Афанасий, Глеб, Давид, Ефим, Захар, Максим, Федор, Елизавета, Ираида, Раиса
19.09.2024;Андрей, Архип, Всеволод, Давид, Денис, Дмитрий, Иван, Кирилл, Константин, Макар, Михаил, Фекла
20.09.2024;Александр, Андрей, Василий, Григорий, Евгений, Иван, Лев, Макар, Михаил, Николай, Петр, Степан
21.09.2024;Георгий, Иван, Мария
22.09.2024;Александр, Алексей, Афанасий, Василий, Григорий, Дмитрий, Захар, Иосиф, Никита, Сергей, Анна
23.09.2024;Андрей, Василий, Гавриил, Глеб, Евгений, Иван, Климент, Константин, Николай, Павел, Петр, Семен, Татьяна
24.09.2024;Виктор, Герман, Дмитрий, Карп, Лев, Николай, Петр, Роман, Сергей, Евдокия, Ия
25.09.2024;Алексей, Афанасий, Даниил, Иван, Николай, Семен, Федор, Юлиан
26.09.2024;Александр, Илья, Корнилий, Леонтий, Лукьян, Николай, Петр, Степан, Юлиан
27.09.2024;Иван
28.09.2024;Андрей, Виссарион, Герасим, Григорий, Дмитрий, Иван, Игнатий, Иосиф, Леонид, Макар, Максим, Никита, Николай, Петр, Порфирий, Семен, Степан, Федот, Яков, Евдокия, Людмила, Мария
29.09.2024;Алексей, Виктор, Григорий, Иосиф, Сергей, Людмила
30.09.2024;Дмитрий, Зиновий, Иван, Илья, Мирон, Павел, Александра, Вера, Ирина, Любовь, Надежда, Софья
01.10.2024;Алексей, Аркадий, Борис, Вениамин, Владимир, Иван, Иларион, Константин, Михаил, Петр, Сергей, Ариадна, Ирина, Софья
02.10.2024;Алексей, Гавриил, Георгий, Давид, Игорь, Константин, Макар, Николай, Трофим, Федор, Мария
03.10.2024;Александр, Василий, Иван, Иларион, Михаил, Олег, Федор, Татьяна
04.10.2024;Александр, Алексей, Андрей, Валентин, Василий, Владимир, Даниил, Дмитрий, Иван, Иосиф, Исаакий, Константин, Петр
05.10.2024;Александр, Андрей, Вениамин, Кузьма, Макар, Мартин, Николай, Петр, Федор
06.10.2024;Андрей, Иван, Иннокентий, Николай, Петр, Ираида, Раиса
07.10.2024;Андрей, Василий, Виталий, Владислав, Галактион, Давид, Павел, Сергей, Степан, Фекла
08.10.2024;Александр, Герман, Евгений, Максим, Николай, Павел, Прохор, Роман, Сергей, Федор
09.10.2024;Александр, Афанасий, Владимир, Дмитрий, Ефрем, Иван, Николай, Тихон
10.10.2024;Аристарх, Виктор, Герман, Дмитрий, Игнатий, Марк, Михаил, Петр, Федор, Акулина
11.10.2024;Александр, Алексей, Анатолий, Афанасий, Валентин, Василий, Вячеслав, Георгий, Григорий, Ефрем, Иван, Иларион, Илья, Исаакий, Кирилл, Макар, Марк, Матвей, Моисей, Прохор, Сергей, Федор, Анна, Мария, Татьяна, Ульяна
12.10.2024;Иван
13.10.2024;Александр, Алексей, Василий, Вячеслав, Григорий, Леонид, Матвей, Михаил, Петр, Семен, Александра, Полина
14.10.2024;Александр, Алексей, Георгий, Иван, Михаил, Николай, Петр, Роман, Вера
15.10.2024;Андрей, Борис, Василий, Георгий, Давид, Иван, Константин, Михаил, Петр, Степан, Федор, Анна
16.10.2024;Денис, Иван, Павел, Петр, Марфа
17.10.2024;Василий, Владимир, Дмитрий, Михаил, Николай, Павел, Петр, Степан, Тихон, Яков, Вероника
18.10.2024;Алексей, Гавриил, Григорий, Денис, Евдоким, Иннокентий, Кузьма, Макар, Матвей, Петр, Тихон, Филипп, Александра
19.10.2024;Иван, Макар, Никанор
20.10.2024;Иосиф, Леонтий, Марк, Николай, Сергей, Юлиан, Пелагея
21.10.2024;Василий, Виктор, Владимир, Дмитрий, Иван, Николай, Павел, Петр, Елизавета, Мария, Надежда, Пелагея, Таисия, Татьяна
22.10.2024;Авраам, Ефим, Константин, Максим, Петр, Яков
23.10.2024;Андрей, Василий, Иннокентий
24.10.2024;Александр, Анатолий, Антон, Иларион, Иосиф, Исаакий, Лев, Макар, Моисей, Филипп, Зинаида
25.10.2024;Александр, Богдан, Денис, Иван, Кузьма, Макар, Максимилиан, Мартин, Николай, Тарас, Федот, Доминика
26.10.2024;Вениамин, Иннокентий, Карп, Никита, Николай, Трофим
27.10.2024;Игнатий, Кузьма, Максимилиан, Михаил, Назар, Николай, Петр, Прасковья
28.10.2024;Афанасий, Денис, Дмитрий, Ефим, Иван, Лукьян, Семен
29.10.2024;Алексей, Георгий, Евгений, Иван, Кузьма, Леонтий, Терентий
30.10.2024;Александр, Анатолий, Андрей, Антон, Иосиф, Кузьма, Леонтий, Сергей
31.10.2024;Андрей, Гавриил, Давид, Иван, Иосиф, Николай, Семен, Сергей, Юлиан, Елизавета
01.11.2024;Дмитрий, Иван, Леонтий, Михаил, Николай, Павел, Петр, Сергей, Феликс
02.11.2024;Александр, Артемий, Герасим, Герман, Иван, Леонид, Михаил, Николай, Павел, Петр, Федор, Ирина
03.11.2024;Александр, Алексей, Анатолий, Аркадий, Василий, Владимир, Денис, Дмитрий, Захар, Иван, Иларион, Константин, Николай, Павел, Сергей, Федор, Юлиан, Яков, Аза, Марфа, Пелагея
04.11.2024;Александр, Василий, Владимир, Герман, Григорий, Денис, Захар, Иван, Ираклий, Константин, Максим, Максимилиан, Николай, Федор, Анна, Елизавета
05.11.2024;Александр, Афанасий, Владимир, Емельян, Иван, Игнатий, Максим, Николай, Петр, Яков
06.11.2024;Алексей, Афанасий, Георгий, Иван, Ираклий, Николай, Петр, Виктория
07.11.2024;Афанасий, Валерий
08.11.2024;Антон, Афанасий, Василий, Дмитрий, Марк
09.11.2024;Андрей, Афанасий, Вилли, Иван, Максим, Марк, Николай, Сергей, Степан, Капитолина
10.11.2024;Арсений, Афанасий, Георгий, Дмитрий, Иван, Кузьма, Максим, Николай, Павел, Степан, Терентий, Анна, Неонила, Прасковья
11.11.2024;Алексей, Андрей, Василий, Виктор, Евгений, Иван, Кирилл, Кузьма, Леонид, Наум, Николай, Павел, Тимофей, Филипп, Анастасия, Анна, Мария
12.11.2024;Александр, Артем, Герман, Зиновий, Иосиф, Леонид, Макар, Максим, Марк, Матвей, Семен, Степан, Терентий, Юлиан, Анастасия, Елена
13.11.2024;Александр, Алексей, Анатолий, Артемий, Василий, Всеволод, Герман, Иван, Иннокентий, Кузьма, Леонид, Николай, Петр, Роман, Сергей, Степан, Трофим, Федор, Яков
14.11.2024;Адриан, Александр, Давид, Денис, Дмитрий, Иван, Кузьма, Петр, Сергей, Федор, Яков, Елизавета, Ульяна
15.11.2024;Константин
16.11.2024;Александр, Богдан, Василий, Викентий, Владимир, Иван, Илья, Иосиф, Кузьма, Николай, Павел, Петр, Семен, Сергей, Федор, Федот, Анна, Евдокия
17.11.2024;Александр, Иван, Илья, Николай, Порфирий, Степан, Евгения
18.11.2024;Гавриил, Галактион, Григорий, Памфил, Тимофей, Тихон
19.11.2024;Анатолий, Арсений, Василий, Виктор, Гавриил, Герман, Константин, Никита, Николай, Павел, Александра, Клавдия, Нина, Серафима
20.11.2024;Александр, Алексей, Афанасий, Богдан, Валерий, Василий, Вениамин, Георгий, Григорий, Евгений, Иван, Иларион, Кирилл, Константин, Михаил, Николай, Павел, Сергей, Федор, Федот, Елизавета
21.11.2024;Гавриил, Михаил, Павел, Рафаил
22.11.2024;Александр, Алексей, Антон, Виктор, Дмитрий, Иван, Илья, Иосиф, Константин, Порфирий, Семен, Тимофей, Федор
23.11.2024;Александр, Алексей, Борис, Георгий, Денис, Ефрем, Иван, Константин, Михаил, Николай, Орест, Петр, Терентий, Анна, Ольга
24.11.2024;Викентий, Виктор, Евгений, Максим, Степан, Тимофей, Федор
25.11.2024;Александр, Афанасий, Борис, Владимир, Даниил, Дмитрий, Иван, Константин, Лев, Матвей, Николай, Степан, Федор
26.11.2024;Герман, Иван
27.11.2024;Александр, Алексей, Аристарх, Василий, Виктор, Гавриил, Георгий, Григорий, Дмитрий, Константин, Михаил, Николай, Петр, Порфирий, Сергей, Федор, Филипп, Анна
28.11.2024;Григорий, Дмитрий, Никита, Николай, Петр, Самсон, Филипп
29.11.2024;Василий, Виктор, Дмитрий, Иван, Макар, Матвей, Михаил, Николай, Сергей, Федор
30.11.2024;Геннадий, Григорий, Захар, Иван, Михаил
01.12.2024;Николай, Платон, Роман
02.12.2024;Адриан, Александр, Валентин, Вениамин, Геннадий, Герасим, Григорий, Денис, Дмитрий, Иван, Игнатий, Иларион, Константин, Леонид, Михаил, Петр, Порфирий, Семен, Сергей, Тимофей, Федор, Яков
03.12.2024;Александр, Алексей, Анатолий, Арсений, Василий, Владимир, Григорий, Емельян, Иван, Иларион, Иосиф, Исаакий, Макар, Николай, Анна, Татьяна, Фекла
04.12.2024;Алексей, Архип, Афанасий, Борис, Василий, Владимир, Герасим, Иван, Илья, Максим, Марк, Михаил, Павел, Петр, Фаддей, Федор, Яков, Прасковья
05.12.2024;Алексей, Архип, Афанасий, Борис, Василий, Владимир, Герасим, Иван, Илья, Максим, Марк, Михаил, Павел, Петр, Фаддей, Федор, Яков, Прасковья
06.12.2024;Александр, Алексей, Борис, Григорий, Иван, Митрофан, Федор
07.12.2024;Александр, Алексей, Григорий, Евгений, Иван, Корнилий, Марк, Митрофан, Михаил, Порфирий, Екатерина
08.12.2024;Александр, Андрей, Василий, Виктор, Григорий, Иван, Иларион, Климент, Кузьма, Николай, Павел, Петр, Семен, Ярослав
09.12.2024;Афанасий, Василий, Георгий, Даниил, Иван, Илья, Иннокентий, Михаил, Назар, Николай, Петр, Тихон, Юлиан, Яков
10.12.2024;Алексей, Андрей, Борис, Василий, Владимир, Всеволод, Гавриил, Дмитрий, Иван, Николай, Роман, Сергей, Федор, Яков, Фекла
11.12.2024;Алексей, Андрей, Василий, Григорий, Даниил, Иван, Константин, Николай, Павел, Петр, Рафаил, Сергей, Степан, Тимофей, Федор, Анна, Прасковья
12.12.2024;Даниил, Денис, Иван, Николай, Парамон, Сергей, Федор
13.12.2024;Андрей, Иван
14.12.2024;Дмитрий, Наум, Порфирий
15.12.2024;Алексей, Андрей, Афанасий, Борис, Владимир, Дмитрий, Иван, Кирилл, Константин, Кузьма, Матвей, Моисей, Николай, Павел, Сергей, Степан, Федор, Вера, Маргарита, Мария, Мирра, Тамара
16.12.2024;Андрей, Гавриил, Георгий, Ефрем, Иван, Николай, Федор
17.12.2024;Александр, Алексей, Василий, Геннадий, Дмитрий, Иван, Николай, Анастасия, Варвара, Екатерина, Кира, Ульяна
18.12.2024;Геннадий, Захар, Илья, Сергей
19.12.2024;Максим, Николай
20.12.2024;Антон, Василий, Галактион, Григорий, Иван, Игнатий, Лев, Михаил, Павел, Петр, Сергей
21.12.2024;Кирилл, Сергей, Анфиса, Виктория
22.12.2024;Александр, Василий, Владимир, Степан, Анна
23.12.2024;Александр, Алексей, Анатолий, Григорий, Евгений, Иван, Константин, Михаил, Николай, Петр, Сергей, Степан, Яков, Александра, Ангелина, Анна, Евдокия, Татьяна, Фекла
24.12.2024;Викентий, Даниил, Емельян, Иван, Леонтий, Николай, Петр, Терентий
25.12.2024;Александр
26.12.2024;Александр, Алексей, Аркадий, Арсений, Василий, Владимир, Гавриил, Герман, Григорий, Евгений, Емельян, Иван, Николай, Орест, Яков, Анастасия
27.12.2024;Иларион, Николай
28.12.2024;Александр, Василий, Иларион, Павел, Степан, Сусанна
29.12.2024;Александр, Аркадий, Владимир, Илья, Макар, Николай, Павел, Петр, Семен, Софья
30.12.2024;Александр, Даниил, Денис, Иван, Никита, Николай, Петр, Сергей
31.12.2024;Виктор, Владимир, Георгий, Иван, Илья, Марк, Мартин, Михаил, Модест, Николай, Севастьян, Семен, Сергей, Фаддей, Федор, Вера, Елизавета, Зоя, Софья
